id;company_email;phone_number;password;full_name;organization_name;created_by;created_date;last_modified_by;last_modified_date
1;"m-Edxm2lQ0o#iv45y-h.sCuu2DDa@QdBQGOFek1KIqZ6FxMGCitGiumonCqfQxpul";Ouguiya Loan Configurable;Computers;XML;Representative grid-enabled;Meadows United Sausages;2022-07-13T07:32:46;Horizontal enable;2022-07-13T23:22:08
2;"RB_I,GQOibJ/7mVo2!x@jBjUPQGiNeN2ACcmVS";Account European;mesh Metal microchip;Chief Mouse feed;Directives Licensed SAS;Cotton Personal;2022-07-13T12:25:01;Generic;2022-07-13T09:31:15
3;"_U3Wd2-dG92sAm3B9SBGqq`FBsi2Tv@BqtyLYirquD?WKlOKOPUP5,m3ZkRnxqwPdFhe";azure SAS;circuit;functionalities Shirt;Brand Alabama Berkshire;invoice;2022-07-13T18:54:42;online;2022-07-13T08:07:19
4;"TtTSihQgPY7BJClB@VTuxg/boCDIOXz";Future;deposit Frozen;Soft client-server open-source;B2B Market Games;Industrial parse dynamic;2022-07-13T11:31:16;Ports clicks-and-mortar;2022-07-13T08:08:41
5;"mzs_LD3HW)3KWv/9id38a;9qxiLs@BJxW";front-end;port Fantastic Dollar;Avon leverage;navigate;fuchsia access Right-sized;2022-07-13T18:47:06;applications lime Pike;2022-07-13T14:59:02
6;"B23T^qPXm_IT8dIQw,OGmXN%FcJUi-@8ONEHZHs2vZeQQ#M3kf";syndicate Accounts copy;French withdrawal intuitive;Concrete Moldova Dynamic;Division payment;GB whiteboard Plaza;2022-07-13T18:46:57;throughput Car;2022-07-13T17:13:54
7;"0gRO1w@kAhY7t11G7xxOONLq8_G71i%ciM";Licensed;Handcrafted Assurance Qatar;product;Table plum fresh-thinking;Operations Branch IB;2022-07-13T13:26:00;bypassing Interactions;2022-07-14T04:56:36
8;"o3q068trE9@WzrzzTyqFUVs*YfQW5ONFas2ix7j^nNyJAD";Robust;Principal salmon backing;lavender Exclusive;overriding analyzing Manat;generate;2022-07-13T21:25:31;Plastic lime;2022-07-13T19:22:38
9;"1-Dl]6sqpq@d%mtopAnNBKtEm";neural Account;productivity payment Steel;Arabia bi-directional Home;New wireless;pixel payment Steel;2022-07-13T17:31:52;sky;2022-07-14T00:01:46
10;"F5hf@JhqzgvqcRv2rbVOdTLdSRCs";productivity;cross-platform Optimization;web-readiness;compressing Puerto compressing;Berkshire Park;2022-07-13T17:46:32;Armenia;2022-07-13T06:08:53
