id;token;expiry_date;token_type;created_by;created_date;last_modified_by;last_modified_date
1;transition Function-based;2022-07-13T15:20:47;Nepalese;PCI Product application;2022-07-13T10:35:51;Dakota Pa'anga;2022-07-14T00:51:56
2;Metal driver;2022-07-13T23:13:14;Strategist matrices Manager;Computer deposit up;2022-07-13T18:01:33;Garden Incredible;2022-07-13T18:15:53
3;bypassing;2022-07-14T01:56:07;Loan target Facilitator;Investment Cordoba Technician;2022-07-13T15:30:50;quantifying;2022-07-13T09:27:00
4;Cheese;2022-07-13T05:46:36;Architect Markets;Tools Incredible;2022-07-14T03:15:17;open-source mobile Kids;2022-07-13T06:17:37
5;Optimization;2022-07-13T23:37:46;France;enterprise Markets;2022-07-13T18:05:28;Dynamic;2022-07-14T03:54:24
6;invoice;2022-07-13T16:35:30;Optimization Shoes Auto;payment;2022-07-13T07:41:14;virtual;2022-07-13T08:03:42
7;GB maximize mindshare;2022-07-13T18:38:31;Games interface;synthesizing Spur bandwidth-monitored;2022-07-13T21:58:55;visionary target lavender;2022-07-14T04:27:56
8;Computer;2022-07-13T23:37:37;Coves alarm Profit-focused;optical;2022-07-13T07:44:59;Practical Total;2022-07-13T16:27:47
9;Automotive drive;2022-07-13T21:07:41;Technician Chips;connecting Product system;2022-07-13T23:26:59;Azerbaijan innovate navigating;2022-07-13T09:40:39
10;process;2022-07-14T01:48:44;responsive;Creative;2022-07-13T16:14:02;Towels Berkshire;2022-07-13T08:24:07
